{"cameraMode":{"drawMode":0,"name":"Shaded","section":"Shading Mode"},"sceneLighting":true,"audioPlay":false,"sceneViewState":{"m_AlwaysRefresh":false,"showFog":true,"showSkybox":true,"showFlares":true,"showImageEffects":true,"showParticleSystems":true,"showVisualEffectGraphs":true,"m_FxEnabled":true},"in2DMode":false,"pivot":{"x":19.424400329589845,"y":-14.743392944335938,"z":10.09489631652832},"rotation":{"x":0.42773905396461489,"y":0.28359198570251467,"z":-0.1433577835559845,"w":0.8462231159210205},"size":12.143538475036621,"orthographic":false}