{"cameraMode":{"drawMode":0,"name":"Shaded","section":"Shading Mode"},"sceneLighting":true,"audioPlay":false,"sceneViewState":{"m_AlwaysRefresh":true,"showFog":true,"showSkybox":true,"showFlares":true,"showImageEffects":true,"showParticleSystems":true,"showVisualEffectGraphs":true,"m_FxEnabled":false},"in2DMode":false,"pivot":{"x":4.502516269683838,"y":-2.3465559482574465,"z":-1.8354732990264893},"rotation":{"x":-0.3902812898159027,"y":0.04365063086152077,"z":-0.01845533773303032,"w":-0.9195076823234558},"size":3.6110105514526369,"orthographic":true}