{"cameraMode":{"drawMode":0,"name":"Shaded","section":"Shading Mode"},"sceneLighting":true,"audioPlay":false,"sceneViewState":{"m_AlwaysRefresh":false,"showFog":true,"showSkybox":true,"showFlares":true,"showImageEffects":true,"showParticleSystems":true,"showVisualEffectGraphs":true,"m_FxEnabled":true},"in2DMode":false,"pivot":{"x":-6.770773887634277,"y":-10.907355308532715,"z":0.5229959487915039},"rotation":{"x":0.020166806876659395,"y":0.8866965770721436,"z":-0.4602833092212677,"w":0.03886646404862404},"size":11.792427062988282,"orthographic":false}