{"cameraMode":{"drawMode":0,"name":"Shaded","section":"Shading Mode"},"sceneLighting":true,"audioPlay":false,"sceneViewState":{"m_AlwaysRefresh":false,"showFog":true,"showSkybox":true,"showFlares":true,"showImageEffects":true,"showParticleSystems":true,"showVisualEffectGraphs":true,"m_FxEnabled":true},"in2DMode":false,"pivot":{"x":6.241796970367432,"y":-24.838224411010743,"z":8.084554672241211},"rotation":{"x":0.5205596089363098,"y":-0.00694687245413661,"z":0.004226806573569775,"w":0.8538057804107666},"size":24.884103775024415,"orthographic":false}