{"cameraMode":{"drawMode":0,"name":"Shaded","section":"Shading Mode"},"sceneLighting":true,"audioPlay":false,"sceneViewState":{"m_AlwaysRefresh":true,"showFog":true,"showSkybox":true,"showFlares":true,"showImageEffects":true,"showParticleSystems":true,"showVisualEffectGraphs":true,"m_FxEnabled":false},"in2DMode":false,"pivot":{"x":1.8417150974273682,"y":-16.423723220825197,"z":6.300079345703125},"rotation":{"x":0.5315146446228027,"y":-0.005082222167402506,"z":0.0031891281250864269,"w":0.847028911113739},"size":11.300336837768555,"orthographic":false}