{"cameraMode":{"drawMode":0,"name":"Shaded","section":"Shading Mode"},"sceneLighting":true,"audioPlay":false,"sceneViewState":{"m_AlwaysRefresh":false,"showFog":true,"showSkybox":true,"showFlares":true,"showImageEffects":true,"showParticleSystems":true,"showVisualEffectGraphs":true,"m_FxEnabled":true},"in2DMode":false,"pivot":{"x":-2.420858144760132,"y":-0.8721029758453369,"z":-3.41741943359375},"rotation":{"x":0.4208586513996124,"y":-0.008202423341572285,"z":0.0037216402124613525,"w":0.9071063995361328},"size":8.144390106201172,"orthographic":true}