{"cameraMode":{"drawMode":0,"name":"Shaded","section":"Shading Mode"},"sceneLighting":true,"audioPlay":false,"sceneViewState":{"m_AlwaysRefresh":false,"showFog":true,"showSkybox":true,"showFlares":true,"showImageEffects":true,"showParticleSystems":true,"showVisualEffectGraphs":true,"m_FxEnabled":true},"in2DMode":false,"pivot":{"x":11.929364204406739,"y":-22.80048370361328,"z":10.817267417907715},"rotation":{"x":0.42773905396461489,"y":0.28359198570251467,"z":-0.1433577835559845,"w":0.8462231159210205},"size":21.145591735839845,"orthographic":false}