{"cameraMode":{"drawMode":0,"name":"Shaded","section":"Shading Mode"},"sceneLighting":true,"audioPlay":false,"sceneViewState":{"m_AlwaysRefresh":false,"showFog":true,"showSkybox":true,"showFlares":true,"showImageEffects":true,"showParticleSystems":true,"showVisualEffectGraphs":true,"m_FxEnabled":true},"in2DMode":false,"pivot":{"x":2.242027759552002,"y":-3.9756927490234377,"z":-6.768171310424805},"rotation":{"x":0.37686070799827578,"y":-0.00420317193493247,"z":0.0016283986624330283,"w":0.9262834191322327},"size":11.32674789428711,"orthographic":true}