{"cameraMode":{"drawMode":0,"name":"Shaded","section":"Shading Mode"},"sceneLighting":true,"audioPlay":false,"sceneViewState":{"m_AlwaysRefresh":false,"showFog":true,"showSkybox":true,"showFlares":true,"showImageEffects":true,"showParticleSystems":true,"showVisualEffectGraphs":true,"m_FxEnabled":true},"in2DMode":false,"pivot":{"x":-2.8382561206817629,"y":-9.966753005981446,"z":-0.1961444914340973},"rotation":{"x":0.7248857617378235,"y":-0.005166309420019388,"z":0.005436745006591082,"w":0.6888282299041748},"size":9.968792915344239,"orthographic":true}