{"cameraMode":{"drawMode":0,"name":"Shaded","section":"Shading Mode"},"sceneLighting":true,"audioPlay":false,"sceneViewState":{"m_AlwaysRefresh":false,"showFog":true,"showSkybox":true,"showFlares":true,"showImageEffects":true,"showParticleSystems":true,"showVisualEffectGraphs":true,"m_FxEnabled":true},"in2DMode":false,"pivot":{"x":-22.493501663208009,"y":7.650901794433594,"z":-6.801373481750488},"rotation":{"x":0.37910568714141848,"y":-0.008228764869272709,"z":0.003711213357746601,"w":0.9254082441329956},"size":9.155686378479004,"orthographic":true}