{"cameraMode":{"drawMode":0,"name":"Shaded","section":"Shading Mode"},"sceneLighting":true,"audioPlay":false,"sceneViewState":{"m_AlwaysRefresh":false,"showFog":true,"showSkybox":true,"showFlares":true,"showImageEffects":true,"showParticleSystems":true,"showVisualEffectGraphs":true,"m_FxEnabled":true},"in2DMode":false,"pivot":{"x":-5.723254680633545,"y":-1.302276611328125,"z":18.285621643066408},"rotation":{"x":0.0003241645754314959,"y":0.7224607467651367,"z":-0.6919202208518982,"w":0.0023725763894617559},"size":37.66564178466797,"orthographic":true}