{"cameraMode":{"drawMode":0,"name":"Shaded","section":"Shading Mode"},"sceneLighting":true,"audioPlay":false,"sceneViewState":{"m_AlwaysRefresh":false,"showFog":true,"showSkybox":true,"showFlares":true,"showImageEffects":true,"showParticleSystems":true,"showVisualEffectGraphs":true,"m_FxEnabled":true},"in2DMode":false,"pivot":{"x":10.414388656616211,"y":-16.49118423461914,"z":-13.741110801696778},"rotation":{"x":0.6276976466178894,"y":0.046051256358623508,"z":-0.03843335807323456,"w":0.7766135334968567},"size":37.40597152709961,"orthographic":true}