{"cameraMode":{"drawMode":0,"name":"Shaded","section":"Shading Mode"},"sceneLighting":true,"audioPlay":false,"sceneViewState":{"m_AlwaysRefresh":false,"showFog":true,"showSkybox":true,"showFlares":true,"showImageEffects":true,"showParticleSystems":true,"showVisualEffectGraphs":true,"m_FxEnabled":true},"in2DMode":false,"pivot":{"x":-72.57723999023438,"y":5.0282745361328129,"z":35.43621826171875},"rotation":{"x":0.32881325483322146,"y":-0.14340545237064362,"z":0.05253291502594948,"w":0.9324278235435486},"size":12.199274063110352,"orthographic":true}