{"cameraMode":{"drawMode":0,"name":"Shaded","section":"Shading Mode"},"sceneLighting":true,"audioPlay":false,"sceneViewState":{"m_AlwaysRefresh":false,"showFog":true,"showSkybox":true,"showFlares":true,"showImageEffects":true,"showParticleSystems":true,"showVisualEffectGraphs":true,"m_FxEnabled":true},"in2DMode":false,"pivot":{"x":-68.72504425048828,"y":2.7681217193603517,"z":30.297874450683595},"rotation":{"x":-0.18372203409671784,"y":0.028674762696027757,"z":-0.006857182364910841,"w":-0.9830119609832764},"size":8.106688499450684,"orthographic":true}