{"cameraMode":{"drawMode":0,"name":"Shaded","section":"Shading Mode"},"sceneLighting":false,"audioPlay":false,"sceneViewState":{"m_AlwaysRefresh":false,"showFog":true,"showSkybox":false,"showFlares":true,"showImageEffects":true,"showParticleSystems":true,"showVisualEffectGraphs":true,"m_FxEnabled":true},"in2DMode":false,"pivot":{"x":2.4899001121520998,"y":-3.6886000633239748,"z":0.19689999520778657},"rotation":{"x":0.13833624124526978,"y":-0.5851455926895142,"z":0.10213028639554978,"w":0.7924987077713013},"size":1.7430371046066285,"orthographic":false}